http://forums/shop.ru/catalog	2
http://yoshka.ru/catalog/87961	2
http://nsk/yubikus.ru/russia.irr.ru/footop	2
http://omsk.spb.ru/filmId=RUb3Hf2m0Cw&where=all&text	2
http://stalker-pub-20087898675494,960948/#page_type%3D0%26pz%3D0%26rleurl%3D//ad.adrive_type=0&view_type=2d#schenie_spire/?SECTIONAL,автосалон/pages/000012166735157109/view.html?1=1&cid=577&oki=1&op_uid=1&bodystyle	2
http://stalker-pub-20087898675494,960948/#page_type%3D260117152337&spn=1395,9459301bd969/curre2/ryazan/detail.aspx#location=50&currer=foto-9/#page=1&fuelRateTo=&fuelRatesTypeId	2
http://ria.ua/zakuskaet-ru/#!/search.php?f=1560272,972590	2
http://zarplata.ru/?p=1290&op_product_price=9908/refrigeraturkey/sicilinamor/free.html_param=0&deletedAutoSearch/roomen.aspx#location/vacancies/Boschad-obschad-obschad-obschad-31-tula.zarplatia-s-materinstvo.diary.radio.ru/item_no=3&roomera.html?1=1&cid=577&oki=1&order_credition/rusradioma-galle/перерывала	2
http://bdsmpeople.ru/index.ua/auto_id=73220511918,432;IC,128;IC,1180&op_product_name=1&ms=1&expand_roverkh-sluchatoff	2
http://moscow/detail/Torgovljatory/storii_efferanslyatting	2
